{
    "lip_sync": {
        "mse": 0.0005371010629460216,
        "rmse": 0.023175440943939373,
        "mae": 0.023159516975283623,
        "medae": 0.02335357666015625,
        "r2": 0.0,
        "pearson": NaN,
        "spearman": 0.0,
        "kendall": 0.0,
        "ccc": 0.0,
        "accuracy": 1.0,
        "qwk": NaN
    },
    "expression": {
        "mse": 1.684761264186818e-05,
        "rmse": 0.0041045843445918105,
        "mae": 0.004104573279619217,
        "medae": 0.004101753234863281,
        "r2": 0.0,
        "pearson": NaN,
        "spearman": 0.0,
        "kendall": 0.0,
        "ccc": 0.0,
        "accuracy": 1.0,
        "qwk": NaN
    },
    "audio_quality": {
        "mse": 1.627607889531646e-05,
        "rmse": 0.004034362266246855,
        "mae": 0.004034345969557762,
        "medae": 0.004030942916870117,
        "r2": 0.0,
        "pearson": NaN,
        "spearman": 0.0,
        "kendall": 0.0,
        "ccc": 0.0,
        "accuracy": 1.0,
        "qwk": NaN
    },
    "cross_modal": {
        "mse": 2.1929115973762237e-05,
        "rmse": 0.004682853400840372,
        "mae": 0.0046828496269881725,
        "medae": 0.0046811699867248535,
        "r2": 0.0,
        "pearson": NaN,
        "spearman": 0.0,
        "kendall": 0.0,
        "ccc": 0.0,
        "accuracy": 1.0,
        "qwk": NaN
    },
    "overall": {
        "mse": 1.4640098015661351e-05,
        "rmse": 0.0038262381023220905,
        "mae": 0.003826228668913245,
        "medae": 0.003823995590209961,
        "r2": 0.0,
        "pearson": NaN,
        "spearman": 0.0,
        "kendall": 0.0,
        "ccc": 0.0,
        "accuracy": 1.0,
        "qwk": NaN
    },
    "average": {
        "mse": 0.00012135879369452595,
        "rmse": 0.007964695811588101,
        "mae": 0.007961502904072404,
        "medae": 0.007998287677764893,
        "r2": 0.0,
        "pearson": NaN,
        "spearman": 0.0,
        "kendall": 0.0,
        "ccc": 0.0,
        "accuracy": 1.0,
        "qwk": NaN
    }
}